role,download_mb,upload_mb,session_duration_minutes,login_hour,violation_count,is_anomaly
Faculty,439.01,80.77,82.7,11,2,0
Staff,91.51,93.53,180.4,15,0,0
Guest,101.47,15.6,27.4,10,1,0
Staff,286.57,56.86,116.9,10,0,0
Faculty,671.51,123.43,342.2,11,0,0
Faculty,1054.16,301.24,224.6,14,0,0
Student,345.81,42.84,55.3,16,0,0
Staff,162.1,60.31,103.7,16,0,0
Student,577.37,52.87,110.5,17,2,0
Staff,252.57,104.02,115.4,16,0,0
Admin,775.36,36.23,109.0,3,0,1
Student,550.77,69.96,5.0,18,0,0
Guest,179.69,45.24,52.7,18,0,0
Student,175.01,130.63,132.6,8,1,0
Faculty,1050.86,135.71,138.4,13,1,0
Admin,1002.98,307.6,104.8,13,0,0
Admin,235.04,318.34,111.9,7,0,0
Faculty,496.75,64.11,66.3,15,1,0
Guest,97.48,21.01,46.9,9,1,0
Faculty,551.58,194.32,145.0,18,0,0
Guest,142.25,49.11,44.4,9,0,0
Faculty,686.5,101.33,66.1,9,1,0
Student,391.98,108.62,64.9,12,0,0
Staff,378.48,65.14,63.1,9,0,0
Staff,20.0,71.49,222.8,16,1,0
Guest,40.0,25.35,44.9,11,0,0
Student,10.0,88.22,70.9,21,0,0
Staff,271.25,54.04,1193.7,12,0,1
Faculty,567.44,24.09,128.1,9,0,0
Staff,244.03,26.74,129.2,16,1,0
Faculty,1134.02,42.77,74.2,2,0,1
Student,352.83,67.73,94.2,17,0,0
Faculty,1070.57,151.07,246.3,14,0,0
Student,597.45,57.33,64.8,18,4,0
Guest,75.38,45.38,15.7,15,1,0
Admin,297.13,334.78,264.1,8,0,0
Guest,389.01,3545.85,92.4,9,0,1
Faculty,834.44,119.87,329.6,11,0,0
Guest,108.92,25.49,38.3,10,0,0
Admin,860.26,65.82,37.5,19,9,1
Student,798.2,63.09,63.4,13,0,0
Staff,48.1,85.19,177.4,13,1,0
Student,20.44,131.46,56.9,17,0,0
Student,283.38,39.31,124.6,15,0,0
Student,378.56,75.89,91.3,22,0,0
Staff,236.49,62.2,121.5,12,0,0
Faculty,503.28,205.29,266.2,18,0,0
Student,10.0,69.34,66.7,16,0,0
Faculty,721.39,56.26,144.0,11,0,0
Faculty,425.46,182.58,203.2,12,0,0
Student,459.5,115.47,70.4,7,2,0
Admin,73.48,95.65,119.7,19,0,0
Student,399.55,112.61,61.9,16,0,0
Student,476.34,77.87,133.5,11,0,0
Guest,486.7,98.38,908.9,13,0,1
Faculty,50.0,156.92,199.6,17,0,0
Faculty,410.5,127.75,193.6,8,0,0
Admin,700.57,368.46,196.4,12,0,0
Staff,294.98,90.1,163.2,8,0,0
Staff,358.64,65.12,97.6,8,0,0
Student,645.68,80.32,85.4,13,1,0
Staff,200.31,64.38,119.3,9,1,0
Guest,138.67,6.81,43.5,20,3,0
Student,396.48,52.27,83.0,14,0,0
Admin,2360.45,1141.06,463.8,2,4,1
Student,488.49,67.82,73.6,11,0,0
Admin,503.97,310.36,91.3,6,0,0
Student,261.57,52.68,148.0,7,0,0
Guest,98.64,10.66,8.6,12,0,0
Student,83.93,97.87,135.7,12,1,0
Admin,523.7,370.05,171.1,14,0,0
Staff,261.91,55.06,49.9,9,0,0
Admin,241.16,321.28,155.2,8,0,0
Student,291.49,98.49,15.2,11,0,0
Student,512.66,84.58,103.2,10,1,0
Admin,621.08,228.12,119.8,12,0,0
Student,520.31,117.03,10.9,19,1,0
Student,521.26,26.46,131.9,9,0,0
Guest,91.77,31.04,5.0,10,0,0
Student,236.3,123.26,77.0,15,0,0
Student,198.14,38.03,89.9,12,1,0
Admin,696.1,278.11,269.5,18,0,0
Student,448.01,68.29,120.3,11,1,0
Student,382.88,2.45,37.1,14,1,0
Student,563.87,184.15,75.0,15,2,0
Staff,302.28,58.96,44.6,15,0,0
Faculty,524.05,150.88,266.2,8,0,0
Student,195.79,82.09,79.0,19,0,0
Student,632.02,121.84,71.2,10,0,0
Faculty,253.58,236.85,101.5,18,0,0
Faculty,643.54,114.53,245.8,17,0,0
Staff,370.8,81.7,89.3,17,0,0
Student,70.44,138.72,121.5,10,0,0
Admin,436.78,150.64,179.5,22,0,0
Guest,67.77,13.87,30.8,15,1,0
Student,450.47,60.87,52.6,19,0,0
Student,426.56,5.89,124.5,22,0,0
Guest,5903.39,65.76,63.9,19,0,1
Faculty,739.7,155.43,212.9,16,0,0
Student,594.76,80.33,81.8,19,2,0
Admin,588.85,348.72,133.8,8,0,0
Student,135.49,60.55,106.8,10,0,0
Student,88.12,118.69,150.7,17,0,0
Student,204.95,99.45,122.3,16,0,0
Faculty,994.06,172.49,138.1,14,0,0
Student,569.57,52.58,50.6,12,0,0
Admin,294.69,1409.41,56.0,18,0,1
Faculty,376.68,183.94,181.2,13,0,0
Staff,308.97,73.53,109.5,14,0,0
Student,302.03,7.5,100.7,14,1,0
Guest,268.55,11.2,58.7,10,0,0
Admin,10.0,131.24,267.9,15,0,0
Student,458.03,151.77,30.0,8,0,0
Student,351.29,132.89,115.4,19,1,0
Faculty,930.96,5.0,193.0,14,0,0
Guest,141.02,6.33,64.6,15,0,0
Admin,408.14,365.67,234.3,20,0,0
Guest,876.3,29.64,35.3,19,9,1
Admin,467.44,82.13,158.7,20,0,0
Student,475.39,34.92,143.1,11,2,0
Student,353.01,21.21,50.0,14,0,0
Student,471.35,67.82,107.9,11,0,0
Faculty,110.93,31.07,990.5,17,0,1
Student,310.86,1.0,92.8,14,1,0
Staff,459.42,40.31,200.5,8,1,0
Student,369.39,102.01,61.9,9,1,0
Faculty,628.07,252.95,65.4,9,1,0
Student,358.51,58.22,121.4,17,1,0
Guest,79.08,7.9,41.0,16,1,0
Guest,117.76,47.76,31.7,14,0,0
Student,24.4,37.01,125.1,10,2,0
Staff,379.5,14.33,110.8,12,0,0
Student,252.49,80.98,77.1,12,0,0
Student,273.35,102.46,95.5,17,2,0
Admin,301.91,287.28,238.1,19,1,0
Staff,299.09,87.91,89.2,14,0,0
Faculty,927.82,174.24,215.4,10,0,0
Faculty,799.76,85.24,220.6,8,0,0
Student,535.2,38.75,90.4,10,1,0
Student,435.83,194.3,102.0,21,0,0
Student,212.74,43.74,108.4,7,1,0
Admin,213.41,157.7,219.3,8,0,0
Guest,114.56,28.35,29.1,15,2,0
Student,300.21,115.57,129.0,15,2,0
Staff,379.38,33.73,94.1,15,0,0
Admin,6625.58,43.0,87.7,14,0,1
Student,256.18,104.41,88.3,15,1,0
Faculty,672.91,199.17,255.3,9,0,0
Staff,158.33,56.53,162.3,9,0,0
Student,528.15,145.1,87.6,11,0,0
Faculty,231.68,1571.56,116.1,11,0,1
Admin,829.76,259.47,216.7,16,1,0
Guest,147.71,47.79,14.3,12,1,0
Student,476.25,47.37,51.4,16,1,0
Admin,614.01,51.94,80.2,20,0,0
Faculty,828.34,185.12,148.4,11,1,0
Faculty,236.41,125.74,245.7,18,0,0
Student,331.28,17.45,114.8,16,1,0
Faculty,659.45,209.71,134.9,8,0,0
Student,139.2,145.09,86.7,14,1,0
Admin,936.36,256.41,132.9,10,0,0
Faculty,413.93,179.65,148.7,12,1,0
Staff,232.62,80.93,124.4,17,1,0
Staff,400.83,104.62,109.1,9,1,0
Student,172.17,78.27,124.7,7,0,0
Admin,673.22,206.98,260.9,8,1,0
Staff,362.87,81.86,96.9,8,0,0
Faculty,215.66,91.27,59.1,8,0,0
Student,695.89,72.4,7.8,15,0,0
Faculty,722.49,264.04,228.7,9,0,0
Student,557.42,52.07,48.7,10,1,0
Faculty,1065.32,223.55,271.3,13,0,0
Student,673.69,89.74,57.1,19,0,0
Staff,327.54,82.07,135.0,12,0,0
Faculty,773.4,161.64,169.5,12,0,0
Student,626.91,110.63,135.3,9,0,0
Student,390.86,36.81,1229.9,8,0,1
Faculty,540.02,169.58,176.7,19,0,0
Staff,4760.41,85.48,50.3,18,0,1
Faculty,1539.91,120.67,80.0,15,0,0
Student,605.38,3.14,135.2,18,0,0
Student,736.72,58.76,131.8,19,2,0
Staff,378.03,77.81,181.5,10,1,0
Student,962.89,95.01,105.2,14,4,0
Faculty,774.68,217.7,199.1,17,0,0
Faculty,630.29,170.53,190.7,18,0,0
Guest,81.61,11.1,23.5,18,0,0
Student,741.22,124.78,101.9,21,0,0
Student,573.28,90.01,110.2,15,1,0
Faculty,740.39,125.1,261.1,10,1,0
Staff,258.81,83.42,122.0,9,0,0
Student,498.29,162.56,144.5,10,1,0
Student,374.05,82.8,112.8,22,0,0
Student,551.56,70.9,70.1,19,1,0
Student,498.46,55.18,26.7,16,0,0
Student,177.59,113.42,137.4,15,1,0
Student,82.88,43.18,152.7,12,0,0
Faculty,703.24,145.48,145.4,11,0,0
Staff,140.41,81.83,117.9,9,0,0
Faculty,938.75,154.84,195.0,19,1,0
Guest,108.89,36.43,15.4,16,0,0
Student,564.84,86.79,72.4,12,1,0
Staff,483.78,35.87,95.5,8,16,1
Faculty,67.61,120.84,49.2,16,0,0
Faculty,524.22,171.45,123.0,13,0,0
Staff,261.76,54.91,64.7,13,0,0
Staff,362.75,43.34,135.4,11,0,0
Guest,58.06,20.64,28.3,9,0,0
Student,193.18,67.8,62.4,9,0,0
Admin,58.63,306.96,138.3,6,2,0
Staff,357.02,39.24,113.3,8,0,0
Guest,116.93,23.71,15.3,10,1,0
Faculty,573.23,159.5,156.0,13,0,0
Student,378.35,62.65,6.6,17,1,0
Admin,653.42,249.14,245.6,19,0,0
Admin,827.2,531.6,190.2,11,1,0
Student,10.04,66.71,90.3,18,0,0
Faculty,792.13,144.75,142.6,19,0,0
Staff,437.35,77.97,120.8,16,0,0
Student,434.13,24.38,82.5,20,0,0
Guest,37.17,28.76,42.0,12,0,0
Student,122.1,138.33,92.8,8,0,0
Guest,194.28,43.55,10.0,14,0,0
Guest,166.28,13.81,5.0,9,1,0
Staff,342.33,83.0,124.8,15,0,0
Guest,88.07,1.0,37.9,15,0,0
Faculty,1032.83,79.37,145.0,14,0,0
Guest,83.63,14.15,31.5,9,0,0
Staff,325.37,71.71,139.9,14,0,0
Guest,76.81,24.04,8.8,19,0,0
Student,369.19,96.18,79.3,9,0,0
Faculty,177.76,96.72,139.9,8,0,0
Staff,330.22,17.86,164.9,12,0,0
Faculty,245.53,82.32,84.4,19,1,0
Staff,361.28,18.18,95.0,16,2,0
Student,335.69,37.69,103.0,11,1,0
Faculty,862.18,319.61,263.4,15,0,0
Faculty,601.56,109.35,81.3,16,0,0
Faculty,269.73,89.56,116.6,8,1,0
Guest,87.09,7.8,19.2,20,0,0
Student,288.06,94.45,143.5,17,0,0
Student,270.15,20.58,93.7,21,2,0
Admin,487.37,292.93,231.8,22,0,0
Student,126.38,151.64,64.5,15,0,0
Faculty,748.58,233.15,114.8,13,0,0
Student,337.65,114.72,26.5,12,0,0
Student,408.69,89.84,88.9,17,0,0
Student,521.69,71.43,16.1,16,0,0
Student,291.58,42.09,211.0,15,0,0
Student,120.38,18.25,116.1,21,0,0
Student,219.29,76.97,72.0,18,0,0
Faculty,608.16,110.78,126.6,17,0,0
Faculty,496.98,1748.01,57.8,8,0,1
Faculty,1044.81,146.42,95.7,18,1,0
Faculty,1328.8,33.43,156.6,10,0,0
Guest,62.92,4.48,5.0,20,1,0
Staff,234.05,26.32,72.6,13,0,0
Admin,444.49,1356.57,71.0,17,0,1
Guest,157.91,21.32,37.8,20,1,0
Faculty,951.98,168.96,173.7,17,1,0
Student,401.77,115.51,134.9,19,1,0
Student,10.0,86.0,103.0,19,0,0
Guest,59.49,26.06,41.3,17,0,0
Staff,292.06,47.77,121.0,8,1,0
Student,429.13,95.73,55.5,18,0,0
Staff,246.97,54.5,94.2,15,0,0
Staff,191.51,40.1,145.1,11,1,0
Guest,190.07,26.03,14.8,15,0,0
Student,510.78,74.68,85.2,22,1,0
Faculty,776.95,184.82,304.6,17,0,0
Student,172.48,39.03,86.2,12,2,0
Faculty,439.72,155.64,142.7,12,0,0
Staff,593.56,12.15,78.1,14,0,0
Student,478.74,64.52,120.6,22,0,0
Guest,206.29,33.13,5.0,16,0,0
Student,95.56,121.1,49.3,20,2,0
Staff,338.16,36.47,115.0,14,0,0
Staff,336.24,38.24,94.9,17,0,0
Staff,216.21,58.45,141.9,10,0,0
Faculty,574.35,328.38,85.9,15,0,0
Student,494.96,52.32,118.9,20,0,0
Guest,5.0,21.41,69.9,14,1,0
Admin,756.43,24.56,90.1,14,12,1
Student,673.76,82.24,109.8,21,0,0
Admin,135.3,150.59,203.4,8,0,0
Faculty,592.81,41.04,94.7,13,0,0
Guest,88.21,32.41,5.0,13,0,0
Faculty,88.68,152.62,112.9,9,0,0
Faculty,636.54,182.78,214.9,17,0,0
Faculty,401.29,189.46,173.5,12,0,0
Faculty,368.8,175.82,111.0,8,0,0
Student,576.68,48.93,133.7,11,2,0
Student,480.68,90.7,77.8,13,1,0
Staff,497.77,54.56,137.9,12,0,0
Guest,143.06,21.7,5.0,11,0,0
Admin,453.46,402.96,317.3,19,0,0
Guest,59.97,9.97,37.6,13,0,0
Guest,114.06,22.26,41.6,16,1,0
Admin,3086.4,655.51,467.1,4,8,1
Student,515.26,39.87,141.1,16,1,0
Student,581.65,91.94,105.2,9,0,0
Student,383.42,59.58,149.3,18,0,0
Faculty,50.0,277.24,202.5,9,1,0
Faculty,604.27,90.1,166.8,18,0,0
Staff,343.02,33.19,29.8,12,0,0
Student,252.75,72.58,124.0,10,2,0
Admin,558.58,5.0,156.5,16,0,0
Faculty,1035.73,112.66,232.1,14,0,0
Faculty,615.0,198.88,82.3,16,0,0
Staff,384.09,19.33,88.2,14,0,0
Student,414.08,32.95,58.9,16,1,0
Student,295.69,42.24,142.0,11,1,0
Faculty,197.21,71.35,196.6,11,0,0
Student,91.93,75.51,152.4,17,1,0
Staff,191.42,54.91,193.7,14,0,0
Student,440.27,97.58,17.6,7,0,0
Student,236.69,115.6,74.8,7,0,0
Student,659.41,34.39,72.7,11,0,0
Faculty,924.64,96.66,170.8,18,0,0
Faculty,554.38,88.68,107.4,8,0,0
Admin,738.21,98.1,48.1,13,9,1
Student,99.92,72.2,66.3,14,0,0
Faculty,809.11,132.56,251.6,7,1,0
Student,447.02,128.62,154.6,9,0,0
Admin,613.66,236.64,178.9,22,0,0
Staff,213.83,37.61,980.8,18,0,1
Student,509.8,109.04,52.8,14,0,0
Student,385.71,81.26,76.1,18,0,0
Student,16.68,29.62,37.5,12,0,0
Admin,3269.83,638.4,316.3,3,8,1
Faculty,897.85,118.25,186.8,19,0,0
Guest,192.61,23.85,5.0,12,0,0
Guest,95.68,38.9,27.6,12,0,0
Faculty,770.59,59.98,122.0,14,0,0
Faculty,1332.07,103.85,179.0,8,0,0
Student,457.46,104.83,107.5,9,2,0
Staff,1292.52,54.46,33.3,5,0,1
Staff,1410.27,72.01,99.6,4,0,1
Faculty,1543.79,13.26,135.7,13,0,0
Staff,330.38,86.86,130.9,9,0,0
Staff,279.1,64.15,163.5,10,0,0
Faculty,50.0,122.2,109.2,14,0,0
Student,356.55,71.62,105.6,16,1,0
Student,345.97,150.85,86.1,13,0,0
Staff,244.27,29.58,69.3,8,0,0
Faculty,440.08,151.11,180.7,12,0,0
Student,800.19,82.26,99.8,15,1,0
Faculty,467.06,363.74,164.2,15,0,0
Student,783.63,1.0,150.8,20,2,0
Student,577.8,136.94,129.8,9,0,0
Staff,378.95,141.32,111.4,12,0,0
Student,565.82,96.19,25.8,17,1,0
Admin,647.11,425.32,115.6,23,0,0
Guest,77.33,33.74,5.0,12,0,0
Student,517.05,82.57,63.0,20,0,0
Staff,363.2,77.02,42.7,12,0,0
Student,290.0,152.59,90.2,21,0,0
Student,670.52,176.9,71.0,18,0,0
Guest,72.28,1.0,69.5,12,0,0
Guest,79.95,38.74,43.8,17,0,0
Faculty,897.05,91.81,182.4,8,0,0
Faculty,653.07,281.23,149.2,14,1,0
Faculty,441.8,211.53,206.7,7,0,0
Admin,943.78,469.16,305.2,17,0,0
Faculty,539.47,117.75,212.5,15,0,0
Faculty,50.0,164.31,218.5,10,2,0
Staff,136.77,17.19,49.3,11,0,0
Student,383.31,62.4,5.0,14,0,0
Faculty,650.87,115.79,338.1,15,0,0
Student,639.2,92.92,149.8,10,0,0
Student,532.39,80.65,71.6,13,3,0
Student,556.19,29.16,33.5,12,0,0
Student,299.88,18.03,69.6,14,1,0
Faculty,938.73,114.23,177.0,13,1,0
Student,481.0,169.38,79.2,17,0,0
Guest,94.31,8.37,40.0,18,0,0
Student,389.06,126.63,48.5,12,0,0
Faculty,661.82,136.28,102.6,8,1,0
Student,439.72,99.58,79.6,7,0,0
Guest,144.38,55.4,22.9,16,1,0
Student,400.4,91.28,62.1,8,0,0
Guest,832.03,99.73,77.6,2,0,1
Staff,430.99,74.6,125.6,14,0,0
Staff,379.9,60.38,155.5,17,0,0
Faculty,792.82,228.52,110.1,19,0,0
Staff,129.96,130.67,118.8,15,1,0
Faculty,671.8,5.0,166.8,19,0,0
Staff,197.9,27.67,108.0,11,1,0
Faculty,578.16,67.72,167.0,14,0,0
Faculty,1530.23,216.76,243.0,7,0,0
Admin,161.25,75.21,1174.3,10,0,1
Faculty,329.56,265.38,150.0,15,1,0
Faculty,732.23,62.63,199.8,11,0,0
Faculty,865.56,5.0,251.4,19,0,0
Faculty,1457.29,69.88,56.3,4,0,1
Staff,197.65,79.43,86.7,10,0,0
Faculty,587.14,109.43,155.4,17,0,0
Guest,5.0,57.41,11.7,10,1,0
Admin,719.87,239.83,207.2,23,0,0
Student,131.22,96.81,111.8,14,0,0
Student,631.15,16.59,91.2,8,0,0
Student,270.52,69.04,30.9,17,0,0
Student,443.02,110.9,112.2,21,0,0
Staff,426.77,37.34,10.4,17,0,0
Faculty,464.21,126.81,191.9,11,0,0
Faculty,807.43,5.0,233.5,7,0,0
Staff,323.52,3032.06,43.2,13,0,1
Guest,34.56,8.86,31.5,14,0,0
Faculty,265.9,287.79,196.4,14,0,0
Staff,576.3,37.68,98.0,2,0,1
Student,10.0,70.24,77.3,10,0,0
Faculty,530.71,212.65,168.8,8,0,0
Faculty,488.84,71.13,136.7,14,0,0
Admin,421.75,5.0,261.5,16,0,0
Staff,1316.56,97.08,85.5,1,0,1
Faculty,805.58,187.7,99.9,13,0,0
Student,982.85,8.92,103.0,22,0,0
Faculty,680.26,155.37,156.8,16,0,0
Faculty,927.51,160.54,102.4,7,0,0
Student,13.69,90.14,117.8,13,0,0
Staff,7271.66,60.55,58.3,15,0,1
Staff,292.89,38.12,103.4,17,0,0
Staff,714.49,68.55,104.8,9,0,0
Staff,286.42,29.62,125.1,11,1,0
Student,767.38,32.32,151.1,13,0,0
Staff,87.19,73.62,169.3,15,0,0
Faculty,768.06,231.03,205.8,8,1,0
Admin,698.01,487.47,138.9,10,0,0
Student,335.89,111.5,88.2,13,0,0
Faculty,556.93,273.9,157.5,19,0,0
Faculty,526.24,42.54,277.5,14,0,0
Student,637.67,67.52,119.3,10,2,0
Faculty,563.46,130.84,131.8,13,0,0
Student,243.77,115.99,122.5,19,1,0
Student,342.22,10.45,47.8,22,0,0
Student,625.39,118.99,61.7,8,1,0
Student,254.62,131.97,78.7,19,0,0
Student,208.31,136.34,5.0,15,1,0
Admin,170.91,22.98,740.3,15,0,1
Staff,55.37,93.65,116.8,12,0,0
Student,596.58,1.0,56.7,7,0,0
Admin,1010.24,99.75,223.7,19,0,0
Admin,1507.89,1431.5,506.8,2,7,1
Guest,151.54,23.12,5.0,9,1,0
Student,597.23,101.54,89.5,20,0,0
Faculty,222.81,17.88,205.5,14,1,0
Student,474.35,116.98,78.1,14,0,0
Student,245.1,55.24,63.7,11,0,0
Faculty,607.29,136.17,237.9,11,1,0
Guest,44.3,27.29,5.0,16,1,0
Student,452.69,83.26,52.5,20,2,0
Student,238.74,25.59,105.6,20,0,0
Guest,201.25,36.54,8.8,16,0,0
Staff,212.13,87.48,115.6,17,0,0
Faculty,249.8,67.97,147.7,14,0,0
Faculty,189.17,34.69,246.6,11,0,0
Faculty,802.6,98.2,278.7,9,0,0
Student,310.77,102.33,96.1,19,1,0
Admin,277.4,5.0,172.1,9,0,0
Faculty,654.65,147.49,93.4,16,0,0
Student,200.43,76.61,26.0,14,0,0
Faculty,586.84,5.0,112.1,7,0,0
Student,671.62,100.32,97.8,10,2,0
Student,656.19,36.98,53.1,8,2,0
Staff,139.17,59.96,140.4,17,0,0
Faculty,609.91,226.7,253.9,14,0,0
Faculty,726.88,229.68,143.7,19,0,0
Student,196.05,116.49,61.1,21,1,0
Student,190.56,104.43,62.5,12,0,0
Student,517.97,178.77,65.1,7,1,0
Student,603.26,169.27,119.1,16,1,0
Admin,440.1,69.45,340.6,14,0,0
Guest,376.93,38.47,64.1,16,18,1
Student,447.83,100.93,126.1,13,1,0
Staff,210.94,87.73,121.4,12,0,0
Student,310.59,88.42,153.4,15,0,0
Admin,481.0,145.14,311.9,15,0,0
Staff,381.07,76.81,109.7,10,0,0
Student,763.31,44.75,98.7,9,0,0
Faculty,1043.8,49.85,164.2,13,0,0
Student,229.46,90.38,100.3,18,0,0
Faculty,622.61,126.04,138.2,17,0,0
Staff,252.52,44.7,164.3,13,0,0
Staff,284.12,45.83,67.0,11,0,0
Faculty,1108.27,18.54,216.7,8,0,0
Student,268.3,2697.74,105.4,8,0,1
Faculty,561.74,201.87,90.5,11,0,0
Student,454.77,67.97,15.9,18,0,0
Student,150.25,93.34,97.4,11,0,0
Faculty,918.91,23.03,181.5,10,0,0
Guest,162.94,8.59,41.4,11,0,0
Staff,1322.49,41.47,65.1,2,0,1
Admin,536.37,5.0,193.6,20,0,0
Faculty,297.96,3438.41,105.4,14,0,1
Student,335.2,71.84,70.3,9,0,0
Guest,3186.67,25.97,102.1,13,0,1
Guest,64.76,20.16,47.6,17,1,0
Student,10.0,92.09,85.5,14,1,0
Guest,69.19,1.62,33.4,10,1,0
Staff,355.03,70.89,147.9,16,0,0
Student,923.55,60.37,117.2,11,12,1
Guest,128.86,27.62,42.1,11,0,0
Faculty,410.39,154.28,54.9,18,0,0
Student,906.38,139.2,134.8,13,0,0
Admin,596.25,235.79,326.2,23,0,0
Staff,369.12,34.02,54.1,9,0,0
Faculty,2471.08,811.6,435.7,3,6,1
Guest,77.71,36.24,19.2,11,0,0
Faculty,669.2,293.86,251.5,9,0,0
Faculty,596.45,5.0,142.7,17,0,0
Student,673.48,82.07,147.2,16,1,0
Faculty,576.5,5.0,221.5,11,1,0
Guest,88.72,16.48,30.2,19,0,0
Faculty,615.59,130.25,209.3,15,0,0
Student,416.54,136.41,102.4,7,2,0
Staff,342.03,85.39,102.1,9,0,0
Faculty,1029.76,200.3,282.6,12,0,0
Student,626.02,104.56,113.9,12,0,0
Student,420.03,68.64,167.0,20,0,0
Guest,73.0,3.86,18.9,14,0,0
Faculty,336.13,140.05,191.8,17,0,0
Admin,163.57,419.35,264.7,14,0,0
Staff,437.85,38.04,117.5,13,0,0
Admin,455.58,115.48,164.6,6,0,0
Student,315.73,119.14,68.5,22,0,0
Student,191.22,61.13,65.8,12,1,0
Student,29.52,42.19,144.1,11,0,0
Faculty,499.0,240.82,226.4,19,0,0
Student,475.21,20.6,137.6,20,0,0
Faculty,1632.63,817.84,373.5,23,4,1
Admin,745.63,214.19,262.8,19,1,0
Staff,236.3,126.42,101.9,11,0,0
Faculty,925.96,51.58,117.0,10,0,0
Faculty,683.52,240.62,255.9,8,0,0
Admin,10.0,41.55,250.2,16,0,0
Admin,228.06,192.37,171.5,17,0,0
Staff,132.36,79.67,76.6,16,0,0
Guest,9.56,5.22,12.8,16,1,0
Student,575.61,25.08,103.1,13,0,0
Faculty,855.73,134.03,111.1,15,0,0
Staff,204.04,43.59,118.0,11,0,0
Student,568.84,125.2,56.8,22,1,0
Student,246.74,64.01,159.7,12,1,0
Student,495.94,92.82,130.8,9,1,0
Staff,281.85,72.98,122.5,12,0,0
Faculty,889.24,208.15,251.4,19,0,0
Faculty,432.54,90.72,133.1,15,0,0
Guest,144.66,31.63,36.5,13,0,0
Guest,153.54,24.72,52.6,10,0,0
Staff,454.79,7.96,127.2,10,0,0
Admin,6012.41,91.33,88.7,12,0,1
Faculty,622.12,227.58,232.5,11,0,0
Student,362.15,201.27,80.9,20,0,0
Admin,408.51,384.41,135.5,16,0,0
Student,579.47,79.48,77.3,14,1,0
Student,519.06,106.65,110.3,10,1,0
Student,266.99,117.5,58.6,15,0,0
Faculty,737.85,122.83,126.6,19,0,0
Faculty,782.14,149.43,190.2,15,2,0
Guest,17.36,42.08,33.0,16,0,0
Guest,4843.11,93.9,45.6,9,0,1
Student,479.45,158.01,63.3,10,0,0
Faculty,1221.89,111.42,240.0,11,0,0
Student,10.0,28.88,165.4,9,0,0
Student,611.08,48.62,36.2,0,0,1
Guest,73.92,25.54,20.1,19,0,0
Guest,162.7,27.08,41.4,11,0,0
Student,166.08,27.92,159.1,8,1,0
Student,259.79,144.06,120.0,8,0,0
Staff,5529.6,56.8,119.1,17,0,1
Student,436.29,96.61,57.0,14,0,0
Student,387.67,92.36,171.3,10,1,0
Admin,519.73,225.55,274.8,13,0,0
Student,528.83,50.64,102.7,20,1,0
Admin,581.15,63.65,233.5,11,0,0
Staff,394.34,89.28,113.8,9,0,0
Staff,293.51,76.72,115.4,15,0,0
Student,481.74,101.71,89.4,13,0,0
Student,291.6,52.24,17.1,22,0,0
Student,684.33,63.95,60.0,15,0,0
Student,287.85,79.11,27.5,9,0,0
Student,1768.34,1070.48,542.5,2,9,1
Staff,177.65,64.97,117.8,13,0,0
Guest,5.0,19.2,5.0,20,0,0
Student,10.0,12.71,98.4,7,0,0
Staff,296.71,69.13,90.5,16,0,0
Faculty,645.25,196.04,95.4,19,0,0
Guest,1889.68,985.97,313.2,2,6,1
Student,216.59,82.6,106.8,13,0,0
Student,435.36,43.79,62.1,15,0,0
Student,411.82,54.36,157.8,22,0,0
Admin,601.96,247.41,232.8,8,0,0
Guest,137.97,8.25,91.2,13,0,0
Student,284.53,1077.45,83.4,8,0,1
Staff,299.05,46.12,161.5,16,0,0
Staff,250.59,49.09,74.0,11,0,0
Guest,268.57,13.23,31.4,11,0,0
Student,506.24,84.55,97.4,20,0,0
Guest,116.85,20.69,43.9,12,0,0
Faculty,567.97,308.03,88.4,9,0,0
Student,90.43,69.39,71.5,7,1,0
Student,570.17,109.03,121.4,15,0,0
Guest,4662.08,32.36,66.1,15,0,1
Staff,160.37,3716.78,108.6,12,0,1
Guest,18.89,2.01,9.2,20,0,0
Student,335.95,150.38,53.9,18,0,0
Student,520.96,123.23,78.2,19,2,0
Faculty,891.98,267.87,191.0,10,0,0
Student,561.14,107.1,51.8,16,0,0
Staff,287.69,109.26,132.5,10,0,0
Guest,5.0,16.77,65.6,20,1,0
Student,231.9,80.87,155.1,12,1,0
Student,246.88,117.09,160.8,12,1,0
Staff,244.49,89.9,80.3,11,0,0
Staff,306.89,26.48,136.6,12,0,0
Admin,456.79,243.51,386.1,16,0,0
Student,420.36,23.49,37.4,21,0,0
Admin,431.21,5.0,127.0,23,0,0
Staff,358.22,52.81,134.6,10,0,0
Staff,301.43,119.44,143.2,12,0,0
Staff,162.57,24.88,1150.5,14,0,1
Staff,448.29,37.33,122.2,9,0,0
Admin,313.94,222.23,244.9,12,0,0
Student,17.24,121.53,68.2,12,0,0
Staff,288.02,77.16,70.8,17,0,0
Student,770.08,65.93,121.0,8,0,0
Student,346.19,137.49,116.4,10,0,0
Student,39.43,49.91,53.6,18,0,0
Student,560.24,85.95,141.5,10,2,0
Student,229.57,169.17,129.8,22,1,0
Admin,3973.41,20.19,77.2,9,0,1
Student,451.53,113.82,27.0,19,0,0
Staff,1239.54,75.1,99.5,3,0,1
Faculty,234.25,170.86,178.0,8,0,0
Student,118.01,98.21,98.7,11,0,0
Student,301.55,88.03,75.1,17,0,0
Faculty,771.05,302.23,152.8,16,0,0
Student,458.59,16.44,85.0,7,0,0
Admin,823.7,5.0,209.0,8,1,0
Faculty,557.78,23.0,134.5,15,0,0
Admin,343.33,317.18,284.2,18,0,0
Staff,172.26,5.15,149.2,17,0,0
Student,181.91,105.25,126.3,21,0,0
Faculty,931.56,127.63,149.3,17,1,0
Student,387.82,62.34,96.1,20,1,0
Faculty,943.84,54.35,62.1,11,18,1
Faculty,296.18,25.53,279.9,12,0,0
Staff,279.55,2.0,144.7,12,0,0
Faculty,681.91,389.7,115.4,19,0,0
Faculty,1206.95,257.37,218.0,7,0,0
Student,328.39,35.77,92.6,12,1,0
Student,487.98,127.87,53.7,14,0,0
Student,632.37,112.82,140.1,12,0,0
Student,252.8,74.81,105.5,22,1,0
Staff,228.44,2.0,158.7,9,1,0
Student,468.3,79.48,31.9,20,0,0
Staff,271.9,54.35,103.0,11,0,0
Student,184.94,114.79,70.6,7,0,0
Student,639.36,84.09,20.8,15,2,0
Faculty,871.16,199.46,273.1,14,1,0
Staff,628.74,85.99,87.6,11,0,0
Student,249.38,114.9,134.3,12,0,0
Guest,149.06,26.54,25.6,20,1,0
Student,472.52,44.08,5.0,14,2,0
Staff,298.39,2.0,112.4,9,0,0
Student,602.33,70.17,64.0,8,0,0
Guest,43.33,16.47,79.2,15,0,0
Student,449.34,123.38,112.0,16,0,0
Student,163.01,102.08,19.4,9,0,0
Student,336.76,94.61,114.5,20,0,0
Student,517.73,76.48,51.2,20,1,0
Student,429.46,61.21,107.4,22,1,0
Student,418.15,151.41,104.3,19,1,0
Student,449.74,64.12,65.5,21,0,0
Faculty,1125.08,214.6,227.8,10,0,0
Staff,448.87,83.55,81.5,14,0,0
Staff,1632.71,616.48,484.9,2,7,1
Student,191.21,78.44,86.4,18,0,0
Staff,288.35,102.79,188.4,13,0,0
Student,167.65,43.79,96.2,7,1,0
Student,22.03,27.37,12.1,17,1,0
Guest,83.16,43.25,21.3,18,0,0
Admin,561.41,376.84,128.2,21,0,0
Student,226.63,129.44,102.5,22,2,0
Student,259.45,49.04,72.4,9,0,0
Student,528.04,58.47,99.9,14,0,0
Student,236.68,34.13,52.4,22,1,0
Staff,290.86,69.7,139.3,9,0,0
Guest,173.73,26.03,5.0,11,0,0
Student,676.57,88.07,49.6,15,0,0
Student,269.89,53.03,61.5,10,0,0
Faculty,397.51,93.99,159.2,13,0,0
Staff,986.73,67.9,52.3,1,0,1
Admin,660.89,142.16,181.1,20,0,0
Faculty,304.92,246.66,314.0,10,1,0
Student,325.88,121.05,89.2,22,1,0
Faculty,538.84,83.5,203.8,7,0,0
Student,598.99,52.9,62.5,20,0,0
Guest,173.91,28.3,35.0,12,0,0
Faculty,833.42,137.71,267.2,10,0,0
Faculty,761.3,168.09,175.3,14,0,0
Faculty,510.15,136.17,189.8,10,0,0
Student,514.01,5.76,141.0,22,0,0
Guest,5607.44,36.35,75.0,11,0,1
Guest,121.44,49.17,61.5,17,0,0
Student,572.62,47.43,97.1,16,0,0
Student,91.79,55.2,73.7,19,0,0
Faculty,756.61,93.67,265.9,11,0,0
Student,603.81,121.21,97.4,18,0,0
Student,495.41,79.98,91.6,19,2,0
Guest,58.34,5.86,48.7,15,0,0
Guest,94.27,24.76,26.3,13,0,0
Staff,387.97,57.11,165.7,10,0,0
Student,451.19,35.64,69.3,12,13,1
Guest,3400.07,983.26,332.5,3,8,1
Student,604.98,73.44,66.8,7,0,0
Staff,439.95,70.85,130.3,17,0,0
Student,602.01,67.83,81.4,16,0,0
Student,206.04,72.95,62.3,7,0,0
Faculty,109.0,145.56,177.6,11,1,0
Student,230.3,38.06,59.9,19,2,0
Student,569.57,63.08,122.7,17,0,0
Faculty,828.24,360.12,261.0,19,0,0
Student,132.82,95.19,119.6,18,1,0
Student,487.5,30.33,81.8,10,1,0
Student,605.76,1.0,103.8,10,0,0
Student,581.05,67.71,65.9,18,2,0
Staff,320.76,4.31,112.8,11,0,0
Guest,82.49,53.63,5.0,9,0,0
Admin,959.94,41.89,75.0,12,11,1
Admin,10.0,240.01,114.9,17,0,0
Guest,81.09,1.0,5.0,20,0,0
Guest,2306.1,749.82,431.1,2,9,1
Student,521.11,69.5,83.2,17,0,0
Guest,27.12,30.71,6.3,10,0,0
Guest,105.28,23.29,24.8,17,0,0
Student,10.0,58.57,54.0,11,0,0
Faculty,1428.24,158.19,267.7,7,0,0
Student,235.14,95.04,17.7,15,1,0
Student,907.0,87.59,116.5,13,0,0
Faculty,873.52,191.84,114.1,9,0,0
Student,473.6,40.43,132.4,16,0,0
Staff,307.68,48.8,164.2,9,0,0
Student,549.95,95.66,74.3,14,0,0
Guest,51.99,29.49,29.8,12,0,0
Faculty,801.09,82.5,99.0,9,0,0
Staff,530.75,93.82,123.9,9,0,0
Student,257.2,48.69,137.9,17,0,0
Faculty,790.47,231.24,80.5,13,0,0
Faculty,909.57,158.15,134.3,17,2,0
Guest,97.58,1.0,5.0,14,0,0
Staff,535.26,23.16,82.9,8,0,0
Student,508.57,120.98,58.7,19,0,0
Faculty,599.16,5.0,207.1,7,0,0
Student,421.43,28.83,111.0,11,0,0
Admin,1111.14,5.0,181.2,7,0,0
Student,573.61,2.56,87.7,11,1,0
Faculty,552.86,181.61,30.0,16,0,0
Student,10.0,138.8,96.8,12,1,0
Student,280.71,42.73,1402.0,18,0,1
Faculty,592.6,172.99,189.3,16,0,0
Admin,730.06,16.29,292.7,22,0,0
Faculty,521.17,150.68,227.7,17,2,0
Admin,441.0,67.55,43.3,2,0,1
Faculty,557.65,96.25,161.1,19,0,0
Staff,1763.35,1296.02,541.3,23,7,1
Staff,291.03,25.79,114.3,13,0,0
Student,331.57,23.72,10.9,7,0,0
Faculty,704.36,205.21,208.4,9,0,0
Faculty,300.51,43.77,212.0,7,2,0
Guest,5.0,38.64,32.7,18,0,0
Student,2540.1,629.05,560.8,23,6,1
Student,550.03,114.88,62.2,22,1,0
Faculty,911.24,67.99,241.0,9,0,0
Guest,7405.83,64.27,93.2,13,0,1
Admin,644.72,5.0,136.8,17,0,0
Student,321.06,39.18,1150.7,11,0,1
Faculty,215.96,22.51,627.2,12,0,1
Guest,198.79,28.78,46.1,12,0,0
Student,520.59,74.8,114.8,15,0,0
Student,377.75,1859.43,99.6,11,0,1
Staff,1765.85,1378.38,551.6,2,9,1
Faculty,524.83,149.34,143.5,17,1,0
Faculty,489.33,1613.42,55.6,8,0,1
Student,446.31,113.99,68.7,12,0,0
Student,414.2,62.15,70.5,17,1,0
Student,126.33,72.42,57.2,19,0,0
Student,495.48,148.76,74.5,16,0,0
Faculty,321.14,3505.48,106.0,9,0,1
Student,245.07,56.92,102.6,10,0,0
Faculty,443.5,162.13,151.7,10,1,0
Staff,429.08,129.35,82.1,16,0,0
Student,52.46,88.15,44.9,14,1,0
Faculty,506.88,107.68,166.6,13,0,0
Staff,547.8,62.4,35.0,13,0,0
Student,464.06,72.47,61.4,21,1,0
Student,286.74,55.02,143.0,20,0,0
Student,473.29,103.32,70.3,10,1,0
Student,511.87,21.31,45.9,19,0,0
Admin,637.91,348.28,203.2,18,0,0
Student,382.05,141.81,82.2,21,1,0
Guest,161.68,19.2,29.4,16,1,0
Student,428.11,209.65,132.2,13,1,0
Student,633.95,116.99,107.8,9,1,0
Guest,146.63,39.31,19.3,20,0,0
Admin,600.99,5.0,137.1,16,0,0
Faculty,924.77,15.01,124.2,8,1,0
Staff,294.67,98.72,136.4,9,1,0
Guest,25.06,26.15,20.7,19,0,0
Student,267.55,31.58,129.2,10,0,0
Student,484.89,1635.5,88.4,16,0,1
Staff,328.61,57.34,102.8,9,0,0
Faculty,1082.94,267.5,181.8,9,0,0
Guest,146.64,1183.39,77.6,17,0,1
Student,498.39,72.91,88.9,8,2,0
Student,400.6,93.61,116.8,9,1,0
Staff,292.18,110.11,188.6,13,0,0
Student,400.76,148.75,5.0,13,0,0
Staff,380.21,39.91,122.1,10,0,0
Guest,184.95,1.76,13.5,13,1,0
Student,403.47,75.13,71.3,22,0,0
Faculty,510.37,199.3,40.4,14,0,0
Staff,346.46,61.47,109.0,15,0,0
Guest,90.06,4.07,5.5,19,0,0
Faculty,1144.14,159.21,161.7,13,0,0
Guest,121.09,13.71,11.3,19,1,0
Faculty,270.92,212.17,216.1,8,0,0
Staff,285.51,54.9,153.0,11,0,0
Student,497.02,36.9,38.5,18,0,0
Faculty,309.45,173.71,150.7,16,0,0
Guest,5.0,24.63,12.3,20,0,0
Student,484.49,109.04,136.8,10,0,0
Guest,152.38,11.98,5.0,15,1,0
Student,79.55,78.64,141.8,22,0,0
Staff,335.17,67.96,90.3,16,1,0
Staff,300.62,65.86,134.5,16,1,0
Student,6191.73,25.21,78.4,19,0,1
Faculty,528.66,8.0,263.8,16,0,0
Guest,153.95,28.37,26.8,19,0,0
Faculty,981.83,228.08,365.3,13,0,0
Student,445.21,143.71,83.1,14,0,0
Admin,365.64,493.2,228.2,21,0,0
Faculty,996.56,179.16,136.4,17,0,0
Student,80.39,85.4,108.0,10,0,0
Faculty,633.75,206.82,258.3,9,0,0
Staff,218.03,106.12,128.5,15,0,0
Faculty,699.53,158.81,117.3,10,0,0
Faculty,120.14,21.03,1281.1,19,0,1
Student,271.44,101.88,57.7,10,0,0
Student,598.38,97.07,72.1,11,0,0
Faculty,1062.23,123.66,167.2,19,0,0
Student,538.02,25.28,50.8,11,0,0
Staff,83.94,116.79,147.3,9,0,0
Student,604.82,91.6,96.3,15,1,0
Faculty,931.46,214.73,171.3,17,1,0
Staff,5487.8,21.15,44.0,16,0,1
Staff,367.54,60.53,78.9,17,0,0
Faculty,172.06,210.14,187.7,9,1,0
Student,724.72,94.39,108.5,21,1,0
Faculty,5137.12,79.7,64.1,14,0,1
Guest,161.52,15.24,5.0,16,0,0
Faculty,316.39,182.14,112.6,10,0,0
Staff,340.75,54.66,63.5,12,1,0
Guest,177.46,23.92,46.5,14,0,0
Student,718.58,65.81,5.0,10,0,0
Admin,237.47,50.95,61.3,12,0,0
Student,578.76,110.1,135.6,17,0,0
Student,255.13,56.73,75.4,7,1,0
Student,271.69,89.25,78.0,7,0,0
Faculty,459.51,48.03,185.7,8,1,0
Staff,323.91,134.15,126.8,8,0,0
Faculty,737.75,117.24,113.4,7,0,0
Faculty,738.21,144.92,223.9,11,2,0
Student,341.09,1.0,5.0,8,0,0
Faculty,1181.32,36.19,82.9,9,0,0
Staff,363.19,76.76,135.5,8,0,0
Faculty,498.12,84.38,94.9,10,12,1
Admin,144.07,415.1,240.3,7,0,0
Staff,134.64,5.68,30.0,12,0,0
Faculty,982.83,71.2,152.7,12,0,0
Staff,263.1,50.46,138.8,14,0,0
Staff,201.89,72.65,116.2,11,1,0
Student,601.28,171.5,29.7,17,0,0
Student,427.52,156.95,77.0,21,1,0
Staff,325.88,58.74,137.2,15,0,0
Student,190.31,112.07,50.9,12,0,0
Guest,238.28,2274.27,118.3,13,0,1
Student,386.04,26.66,31.1,15,0,0
Guest,42.12,10.34,42.7,16,1,0
Faculty,766.94,199.35,120.0,8,0,0
Guest,24.66,27.31,5.2,18,0,0
Admin,153.62,65.86,23.2,18,0,0
Staff,367.47,21.24,134.1,8,0,0
Admin,559.32,305.45,299.0,15,0,0
Student,559.45,80.67,217.2,16,0,0
Staff,418.59,95.75,180.5,17,0,0
Staff,235.94,60.22,98.6,9,0,0
Student,703.29,80.25,45.6,1,0,1
Staff,390.97,40.49,101.9,16,0,0
Student,257.39,122.07,29.4,21,0,0
Student,10.0,121.35,42.7,19,0,0
Student,147.78,71.35,94.1,21,2,0
Student,398.21,10.99,39.6,18,0,0
Faculty,211.59,122.15,225.8,7,1,0
Student,266.35,90.27,23.2,20,0,0
Student,357.65,99.95,5.7,21,0,0
Guest,23.73,3.76,37.9,10,0,0
Admin,547.53,353.36,262.2,6,0,0
Faculty,201.55,5.0,195.3,13,1,0
Student,181.49,96.69,156.6,8,0,0
Faculty,476.14,64.33,149.3,12,0,0
Student,615.8,32.1,115.6,15,0,0
Faculty,598.76,216.24,191.2,12,1,0
Student,246.7,93.99,87.1,20,1,0
Student,3137.74,61.42,106.3,19,0,1
Faculty,511.2,187.43,191.7,13,1,0
Faculty,781.6,99.73,163.3,15,0,0
Faculty,374.04,231.5,123.7,18,0,0
Guest,5.0,1.0,36.4,12,0,0
Staff,286.28,63.21,153.9,11,0,0
Staff,288.19,67.35,162.5,14,0,0
Staff,137.95,50.65,90.2,16,0,0
Admin,300.29,50.94,41.9,14,18,1
Faculty,391.83,89.94,230.6,8,0,0
Faculty,998.69,94.79,90.9,17,0,0
Student,313.16,111.62,129.2,19,0,0
Faculty,658.64,155.99,242.4,15,0,0
Student,274.21,46.84,142.4,18,1,0
Student,328.49,25.29,57.8,21,0,0
Student,651.56,125.61,90.5,20,0,0
Admin,747.71,315.48,277.4,19,0,0
Student,228.89,84.35,159.0,21,0,0
Student,201.13,106.42,109.9,7,0,0
Admin,937.61,60.47,77.8,2,0,1
Student,305.1,46.17,131.1,16,0,0
Student,387.45,104.62,31.9,10,0,0
Student,418.03,40.55,87.8,17,3,0
Staff,219.73,57.8,137.0,15,0,0
Guest,110.26,18.3,60.2,17,1,0
Guest,315.76,73.56,100.5,11,8,1
Student,462.63,82.72,27.7,14,0,0
Admin,713.9,5.0,134.2,17,1,0
Student,469.64,69.38,103.1,17,0,0
Student,479.03,92.92,77.4,16,0,0
Faculty,419.69,50.84,1049.8,15,0,1
Student,528.06,47.76,124.0,12,0,0
Guest,90.08,11.51,26.5,17,0,0
Student,716.21,62.32,54.5,15,11,1
Student,223.31,122.08,87.4,22,2,0
Student,1054.21,32.3,62.4,20,0,0
Faculty,669.77,260.96,193.7,17,0,0
Student,352.6,108.6,56.0,11,0,0
Student,435.45,91.65,148.9,9,1,0
Student,867.57,64.88,103.0,16,0,0
Staff,228.63,60.31,120.0,15,0,0
Faculty,486.28,196.93,191.7,18,1,0
Staff,274.27,16.74,99.3,16,0,0
Student,138.18,104.43,5.0,13,1,0
Student,367.01,131.54,92.5,20,1,0
Admin,144.59,355.07,63.7,10,0,0
Student,10.0,40.66,117.5,15,1,0
Guest,73.52,31.32,75.5,19,0,0
Staff,332.68,4.42,81.3,13,0,0
Admin,852.74,50.61,53.5,1,0,1
Guest,2431.5,509.33,524.1,23,5,1
Student,660.9,50.38,130.4,20,0,0
Student,236.6,91.92,60.0,9,0,0
Faculty,501.65,5.0,187.4,15,0,0
Faculty,947.33,223.69,219.3,11,0,0
Faculty,427.92,150.34,180.9,13,0,0
Guest,51.45,21.02,29.4,9,0,0
Guest,55.08,21.37,49.1,16,0,0
Faculty,1181.86,233.39,171.9,8,0,0
Guest,128.23,30.02,27.1,10,0,0
Student,304.48,48.03,103.7,21,0,0
Faculty,343.48,235.14,221.3,10,1,0
Admin,312.18,164.2,129.4,13,0,0
Guest,54.07,11.31,20.7,18,0,0
Guest,174.33,20.59,38.3,20,0,0
Faculty,681.52,41.29,75.2,16,13,1
Student,432.86,54.38,79.2,11,1,0
Faculty,919.54,96.83,117.3,18,0,0
Student,720.18,88.0,5.0,22,0,0
Staff,235.26,50.3,136.5,17,0,0
Student,502.03,141.17,92.6,18,1,0
Student,220.71,32.89,102.5,7,0,0
Faculty,7387.26,85.55,103.6,14,0,1
Student,397.96,143.61,96.4,14,0,0
Student,119.15,93.24,77.9,19,0,0
Student,576.18,79.24,88.3,14,0,0
Student,155.14,61.53,113.5,19,2,0
Student,47.74,114.52,97.1,19,0,0
Student,527.08,115.47,50.6,19,1,0
Admin,375.92,160.68,141.9,6,0,0
Student,206.04,92.94,35.1,12,2,0
Faculty,834.23,44.08,133.6,11,0,0
Student,511.52,26.5,115.8,12,0,0
Student,674.21,104.03,54.2,18,0,0
Student,68.93,101.15,105.1,14,0,0
Staff,403.42,54.72,1048.8,8,0,1
Faculty,911.39,73.12,264.5,18,1,0
Student,624.17,53.41,104.4,18,0,0
Student,392.05,86.99,5.0,21,1,0
Student,466.63,1.0,88.5,14,1,0
Staff,278.57,77.91,114.3,11,0,0
Student,160.18,101.76,70.6,10,1,0
Admin,590.93,218.7,179.6,22,0,0
Student,601.5,69.73,120.0,21,0,0
Student,202.27,98.01,90.1,8,1,0
Staff,154.71,88.29,72.0,12,0,0
Guest,94.37,36.19,30.2,15,0,0
Faculty,825.85,181.2,196.5,14,1,0
Staff,93.7,47.89,85.5,13,0,0
Faculty,624.29,146.59,184.7,7,0,0
Student,715.84,99.78,128.9,17,0,0
Faculty,50.0,36.59,108.8,13,0,0
Student,411.3,28.55,88.6,13,0,0
Faculty,911.2,69.28,153.4,18,1,0
Faculty,213.17,121.31,214.0,14,2,0
Student,307.24,98.62,49.6,19,0,0
Faculty,924.84,202.12,217.3,15,1,0
Student,80.01,136.4,62.7,18,0,0
Faculty,589.72,91.79,307.3,18,0,0
Student,639.27,83.02,83.3,21,1,0
Student,104.57,73.15,23.6,8,1,0
Faculty,812.72,219.27,222.8,15,0,0
Guest,49.23,23.54,11.1,13,0,0
Faculty,811.92,100.11,181.4,15,0,0
Faculty,845.55,107.77,179.9,19,0,0
Staff,262.42,64.97,151.2,13,0,0
Staff,360.13,91.98,135.4,10,0,0
Student,447.11,114.88,67.5,9,1,0
Student,10.0,39.89,199.3,21,1,0
Student,177.81,127.55,115.0,7,1,0
Faculty,750.46,218.35,120.8,10,0,0
Faculty,413.05,314.78,168.7,17,0,0
Staff,416.16,57.39,133.6,10,1,0
Admin,294.32,432.06,193.4,8,0,0
Guest,8.03,12.24,43.7,18,1,0
Faculty,535.58,60.07,78.5,11,17,1
Student,474.47,113.42,85.4,11,1,0
Guest,80.04,52.3,31.9,12,1,0
Student,427.64,72.2,109.1,22,0,0
Faculty,52.73,152.59,262.2,11,0,0
Admin,981.27,195.01,107.0,19,0,0
Guest,188.64,27.6,5.0,12,0,0
Faculty,469.41,130.25,99.3,15,0,0
Guest,130.69,22.12,22.1,19,0,0
Student,420.03,20.17,94.7,9,0,0
Staff,167.93,7.97,125.5,12,0,0
Admin,411.15,88.58,98.4,5,0,1
Student,149.78,3629.97,119.5,13,0,1
Student,195.09,116.32,41.9,12,1,0
Faculty,70.76,78.46,164.2,12,0,0
Guest,147.93,5.91,8.1,12,1,0
Faculty,621.93,5.0,150.3,9,0,0
Faculty,450.29,43.31,1192.8,11,0,1
Staff,330.71,79.55,119.6,9,0,0
Student,379.0,19.72,9.9,14,0,0
Faculty,571.16,175.18,169.9,16,0,0
Faculty,513.03,100.29,141.1,11,0,0
Staff,237.15,72.67,162.7,9,0,0
Guest,162.73,37.81,34.1,12,0,0
Student,10.0,88.47,120.5,9,0,0
Faculty,646.65,88.02,265.9,10,1,0
Admin,725.86,326.48,76.7,7,0,0
Guest,36.89,17.84,5.7,20,0,0
Student,87.93,77.37,67.4,8,1,0
Staff,435.87,40.67,117.6,8,0,0
Student,577.88,76.03,106.0,8,0,0
Faculty,1266.81,260.8,201.3,8,0,0
Guest,143.15,29.35,37.0,18,0,0
Student,383.77,32.54,1399.7,12,0,1
Faculty,850.24,99.81,267.9,16,0,0
Faculty,398.47,207.49,170.5,11,0,0
Student,74.78,108.99,146.9,14,1,0
Faculty,833.84,242.07,201.8,16,0,0
Student,467.25,1.0,103.1,9,0,0
Student,541.93,146.84,109.7,16,0,0
Student,619.47,109.65,126.4,10,0,0
Staff,446.4,45.66,118.0,9,0,0
Faculty,425.63,174.06,113.6,7,1,0
Faculty,1336.34,168.75,68.3,17,0,0
Student,689.03,76.91,82.1,12,0,0
Faculty,506.54,177.24,127.4,10,1,0
Student,632.99,117.11,192.9,18,0,0
Guest,107.95,25.56,42.0,13,0,0
Admin,87.19,104.85,170.8,14,0,0
Student,124.38,61.16,63.1,18,1,0
Faculty,519.11,118.62,68.6,13,0,0
Faculty,470.47,163.6,165.8,18,0,0
Student,118.01,73.05,60.8,9,0,0
Student,493.77,72.72,5.0,17,0,0
Faculty,374.03,176.91,125.1,12,1,0
Staff,262.57,120.62,50.6,15,0,0
Faculty,638.07,231.98,154.9,14,0,0
Faculty,459.03,194.1,203.7,14,0,0
Admin,278.01,35.14,680.5,10,0,1
Faculty,2322.31,941.62,332.7,4,9,1
Staff,211.93,16.91,201.2,15,0,0
